tweet,created_at,retweeted,username,user_tz,user_location,user_coordinates,polaridade
 @mgfufino lula pode pegar ate 118 anos de prisao nao adianta gritar 'lula livre'  noticias brasil online  via�,Mon May 14 02:50:26 +0000 2018,False,rickwagner7,Brasilia,sao jose dos campos/sp/brasil,,negativo

mano que historia e essa de holograma do lula o que ta acontecendo com o brasil,Mon May 14 02:51:58 +0000 2018,False,torniero,Brasilia,sao paulosp,,negativo

 @cidadaodopovo lula e mantido em um cativeiro ha 35 dias na republica de curitiba como resgate os sequestradores exigem que desista da�,Mon May 14 02:52:01 +0000 2018,False,maa_cardim,Brasilia,niteroi/rj,,positivo

 @paulacamara_ warlley alves no  #ufcrionocombate  lula livre   livre de toda mordomia bandido tem que ta na cadeia voce ta na cadei�,Mon May 14 03:01:35 +0000 2018,False,seujoca2moro,Brasilia,campinas,,negativo

essa semana tambem nao vou conseguir ir na celula  e eu so de um abraco e poder conversar com alguem  nao viualmente,Mon May 14 03:01:36 +0000 2018,False,vaithales,,beverly hills  ca,,neutro

 @dcm_online video vigilia pro lula em curitiba e invadida por paneleiros em acao coordenada para expulsar manifestantes ,Mon May 14 03:01:36 +0000 2018,False,heldeni3rios,Brasilia,tres rios  rj,,positivo

 @blogdopim a tvcrio  tv comunitaria do rio de janeiro  mostra uma propaganda de esquerda atras da outra boulos faz longa apologia a i�,Mon May 14 03:02:30 +0000 2018,False,seujoca2moro,Brasilia,campinas,,negativo

 @flvio67909984 @radeobor @jvstratocaster @conexaopolitica ainn politicos de todo o mundo e aistas defendem o lula ah vira homem ra�,Mon May 14 03:03:59 +0000 2018,False,be_sobrinho,,,,negativo

 @mujicadasilva rui c pimentase lula fosse disputar as eleicoes normalmente a burguesia promoveria uma guerra civil se nao ha guerra c�,Mon May 14 03:04:00 +0000 2018,False,niviaregina,Brasilia,BRASIL,,positivo

" @brunagarcia_be entre bolsonaro e lula  prefiro devolver o brasil para os indios
 gente  ate os indios estao recebendo propina  o bo�",Mon May 14 03:04:04 +0000 2018,False,servidiomatheus,,Rio de janeiro,,negativo

 @tomeiabuso gente a globo transmitiu a entrevista do  lula e ele citou o triplex de paraty kkkkkkkkkkkkkkkkkkkkkkkkkkkkkkkkkk,Mon May 14 03:04:04 +0000 2018,False,MarceloACoelho1,Azores,,,negativo

 @gabrlelplnhelro @hialley @bolsomoro @marcoskleine marina pretende atrair eleitores de lula  ,Mon May 14 03:05:26 +0000 2018,False,jbdireita,,ANTI-COMUNISMO,,neutro

 @yascrxl muita coincidencia os dois terem o mesmo nome e irem visitar o lula aaaa,Mon May 14 03:05:32 +0000 2018,False,thingsoflu,Pacific Time (US & Canada),"Bacabal, Brasil",,negativo

eu amo tanto a minha celula  muito obrigada senhor por tudo tudo mesmo,Mon May 14 03:05:33 +0000 2018,False,calollll,Brasilia,,,neutro

 @falandoverdes2 ator herson capri'se deixarem lula ser candidato  ele ganha de lavada'' ,Mon May 14 03:05:35 +0000 2018,False,margoth007,,,,positivo

 @samjovana eu votaria num holograma do lula mas so se o holograma governar,Mon May 14 03:05:36 +0000 2018,False,priscilamayfair,Brasilia,"Curitiba, Brasil",,positivo

gleici rainha que pisou na globo e no atorzinho forcado ,Mon May 14 03:05:36 +0000 2018,False,heronvixc,Brasilia,Sala Comunal da Corvinal ,,positivo

 @lulafalcao em 1965  um ano apos o golpe de 64  estavam previstas eleicoes presidenciais para o dia 3 de outubro jk era favorito  a el�,Mon May 14 03:05:36 +0000 2018,False,PimentelAda,,,,positivo

 @seujocamoro este criminoso  ladrao  que ainda tem suditos pelo brasil  militancia cansada e comprados com moadela  tem dinheiro para�,Mon May 14 03:05:38 +0000 2018,False,HLott64,Pacific Time (US & Canada),Brasil,,negativo

 @deputadofederal lula radical e a fome ,Mon May 14 03:05:39 +0000 2018,False,gallegagonzale,,"Rosario, Argentina",,neutro

 @conexaopolitica warley alves lula livre � livre de toda mordomia bandido tem que ta na cadeia  voce ta na cadeia e vai passar o res�,Mon May 14 03:05:39 +0000 2018,False,natan1421,Pacific Time (US & Canada),"Belo Horizonte, Brasil",,negativo

faltam 17 dias para que as provas da inocencia do lula sejam destruidas  pela odebrecht parlamentares da esquerda� ,Mon May 14 03:05:42 +0000 2018,False,glovebr,Brasilia,,,negativo

 @eurobo36 lula samba e sapateia na globo �me emprestem o triplex de paraty�ouca  ,Mon May 14 03:05:42 +0000 2018,False,perini_nadia,,,,positivo

" @mmarescast eu acho que nao falta mais informacao nenhuma quanto a superioridade em aceos (erros menores) dos governos lula/pt

quem�",Mon May 14 03:05:46 +0000 2018,False,AndrFigueired13,,"Cuiab�, Brasil",,positivo

" @a_postagem 

a postagem blogs  carlos henrique por que lula esta preso e fhc esta livre",Mon May 14 03:05:47 +0000 2018,False,cleberlr75,Brasilia,,,positivo

 @carlosmheraclio empresario inocenta lula em caso do sitio de atibaia negociou compra com irmaos bittar  sem paicipacao de familiare�,Mon May 14 03:05:49 +0000 2018,False,Garygaribaldi,,"Rio de Janeiro, Brasil",,positivo

 @ary_antipt estao foragidos os dois petistas que espancaram e tentaram assassinar empresario em frente ao instituto lula em sao paulo�,Mon May 14 03:05:49 +0000 2018,False,lfascencao,Brasilia,Rio de Janeiro - Brasil,,negativo

 @robeotoledors operacao triplox  criada para pegar o lula no triplex de guaruja  acabou atingindo os irmaos marinho no triplex de�,Mon May 14 03:05:51 +0000 2018,False,MarceloACoelho1,Azores,,,positivo

 @esquerdavalente video jurista carol proner diz que libeacao de lula depende de mobilizacao nas ruas  ,Mon May 14 03:05:52 +0000 2018,False,bobpenno,Santiago,Iju� - RS,,positivo

 @rogercorrea85 @munaier a maioria querendo comparar crime politico (dilma  lula  etc) com ditadura  perseguicao  toura e assassinato�,Mon May 14 03:05:54 +0000 2018,False,AKA_whothefuck,Brasilia,Brazil,,positivo

 @annalugama precisamos tirar lula do calabouco de curitiba o lider nas pesquisas � pode ser impedido de concorrer ou continuar preso�,Mon May 14 03:05:57 +0000 2018,False,RBORLINA,,,,positivo

 @ptbrasii neste 12 de maio faz dois anos que a presidenta dilma rousseff  eleita com mais de 54 milhoes de votos  foi afastada do cargo�,Mon May 14 03:05:59 +0000 2018,False,margoth007,,,,positivo

 @marivoneprof #ocupacuritiba37odia invadida  &lt ministros do @stf_oficial &gt  o odio nao tira ferias grupo republica de curitiba faz p�,Mon May 14 03:06:04 +0000 2018,False,MarioJayGovinda,America/Sao_Paulo,Terra,,positivo

" @miriammmorais20 eles perseguem o cara  prendem  dizem que so soltam se ele desistir de ser candidato
so vi na historia de herodes a�",Mon May 14 03:06:05 +0000 2018,False,magnamoreira_,Brasilia,Picos Piau� Brasil ,,positivo

 @jairbolsonaro a esquerda quer a apuracao imediata dos tiros no onibus do lula e quanto aos tiros que mataram celso daniel  alguem ouv�,Mon May 14 03:06:07 +0000 2018,False,TorcedorMor,,,,negativo

 @muylaee coracao mole da imprensa com o fim de lula nao sensibiliza populacao  mas destroi reputacao daqueles que ousam chorar a pris�,Mon May 14 03:06:10 +0000 2018,False,kelmenezes90,,,,negativo

 @dcm_online video jurista carol proner diz que libeacao de lula depende de mobilizacao nas ruas  ,Mon May 14 03:06:10 +0000 2018,False,br_green_heart,Brasilia,Everywhere,,positivo

" @newsatual2017 a poas fechadas  pt se cala diante de caa de lula e sinal de toffoli 
",Mon May 14 03:06:09 +0000 2018,False,ademar877,Brasilia,"Ecaterimburgo, R�ssia",,negativo

" @miriammmorais20 eles perseguem o cara  prendem  dizem que so soltam se ele desistir de ser candidato
so vi na historia de herodes a�",Mon May 14 03:06:10 +0000 2018,False,NeideImb,Brasilia,S�o Paulo,,positivo

 @coimbrafilho relacoes perigosas as #farc  o #pt e o governo #lula  via @veja,Mon May 14 03:06:13 +0000 2018,False,luiztenda,Brasilia,,,negativo

 @brgil39 mais um inocenta lula empresario inocenta lula no caso do sitio de atibaia confira ,Mon May 14 03:06:14 +0000 2018,False,heldeni3rios,Brasilia,Tres Rios - RJ,,positivo

 @gfiuza_oficial se o brasil tivesse alcancado a democracia venezuelana  como pediu lula  quem estava preso era o moro,Mon May 14 03:06:19 +0000 2018,False,fabianotalini,Brasilia,Brasil,,negativo

"retweeted gil silva (@brgil39)

mais um inocenta lula empresario inocenta lula no caso do sitio de atibaia confi� ",Mon May 14 03:06:24 +0000 2018,False,heldeni3rios,Brasilia,Tres Rios - RJ,,positivo

" @jdanieldf impugnacao da candidatura de lula e quase cea  avalia nelson jobim
expresidente do stf diz que pt conseguira registrar�",Mon May 14 03:06:25 +0000 2018,False,yale_mendes,,Brasil,,negativo

 @lulapelobrasil ha quatro anos  lula paicipava da inauguracao da unilab  em sao francisco do conde (ba) �foram anos de escravidao  a�,Mon May 14 03:06:26 +0000 2018,False,PimentelAda,,,,neutro

 @gleisi quem deu estabilidade ao brasil foi lula  fazendo uma grande poupanca externa isso a midia esconde e uma vergonha ,Mon May 14 03:06:30 +0000 2018,False,ViviCris52,Brasilia,"Rio de Janeiro, Brasil",,positivo

 @paulacamara_ warlley alves no  #ufcrionocombate  lula livre   livre de toda mordomia bandido tem que ta na cadeia voce ta na cadei�,Mon May 14 03:06:32 +0000 2018,False,hfreddi,America/Sao_Paulo,"S�o Paulo, SP - BRASIL",,negativo

 @augustosnunes paulo okamotto e gilbeo carvalho juram que lula demorou 111 fins de semana para concluir que atibaia fica longe de sao�,Mon May 14 03:06:32 +0000 2018,False,SRoberto01,,,,negativo

 @alexandredelg42 @analisdocspf @lobaoeletrico e se a cia tivesse investigado isso  seria �golpe� ceamente�,Mon May 14 03:06:33 +0000 2018,False,dimatos66,Pacific Time (US & Canada),"Bras�lia de Minas, Brasil",,neutro

 @dcm_online video jurista carol proner diz que libeacao de lula depende de mobilizacao nas ruas ,Mon May 14 03:06:34 +0000 2018,False,sergioronnie,Brasilia,s�o luis ma,,positivo

" @enfanaleao retweeted eu sou lula maria fro da silva (@maria_fro)

#panamaleaks (12/02/2016)
nosso investigador e o triplex de paraty�",Mon May 14 03:06:35 +0000 2018,False,MarceloACoelho1,Azores,,,neutro

" @delucca cenarios de segundo turno da pesquisa cnt/mda

lula 45 7% x 25 9% bolsonaro
lula 44 4% x 21 0% marina
lula 44 9% x 19 6% alck�",Mon May 14 16:31:44 +0000 2018,False,_ymid,Brasilia,,,positivo

 @souguereira londres pede a libeacao de lula o mundo inteiro sabe que #lulapresopolitico ,Mon May 14 16:31:46 +0000 2018,False,PretaLulaSiva,,,,positivo

" @renovamidia jair bolsonaro (psl) manteve a lideranca da corrida presidencial  de acordo com pesquisa divulgada hoje

apesar de alguns�",Mon May 14 16:31:46 +0000 2018,False,marksm2018,,,,negativo

@legadodacopa po legas primeiro o lula e agora o guerrero  a lista de craques injustamente fora da disputa em 2018 so aumenta bixo,Mon May 14 16:31:47 +0000 2018,False,prof_de_baleies,,"S�o Paulo, Brasil",,positivo

 @revistaforum pesquisa cntmda confirma estrategia aceada do pt em manter lula candidato do blog do rovai  ht�,Mon May 14 16:31:47 +0000 2018,False,DalvaFigueiredo,Brasilia,"Amap�, Brasil",,positivo

 @caamaior nas ruas de londres  passeata pede 'lula livre' ,Mon May 14 16:31:51 +0000 2018,False,nelsoninter_,Atlantic Time (Canada),s�o paulo,,positivo

 @joelmdecarvalho video jurista carol proner diz que libeacao de lula depende de mobilizacao nas ruas  via @ig,Mon May 14 16:31:52 +0000 2018,False,Supervisora,Brasilia,Brasil,,positivo

 @lucasfreitas270 bolsonaro dispara e deixa lula  marina  ciro gomes e alckmin pra tras #topbuzzbrasil ,Mon May 14 16:31:52 +0000 2018,False,abelardoamj,,Caruaru PE Brasil,,negativo

pesquisa sem lula  bolsonaro lidera  seguido por marina e�ciro  ,Mon May 14 16:31:52 +0000 2018,False,Z1Noticia,Brasilia,,,negativo

" @jdanieldf espancador de mulher no stf

�caldas  ligado ao pt  teve seu nome levado a lula tinha apoio do entao ministro da justica  t�",Mon May 14 16:31:56 +0000 2018,False,nonaGeGe,Santiago,"Trappist-1 Star, Goldilocks ",,neutro

@adrianohidalgo cadelinha do lula lula manda ela rolar  ela rola lula manda ela lamber  ela lambe,Mon May 14 16:31:58 +0000 2018,False,phrp1969b,,Bras�lia,,negativo

@gleisi lula esta e continuara preso parem de agir como doentes e sumam de brasilia,Mon May 14 16:31:59 +0000 2018,False,joaoverdade1,Pacific Time (US & Canada),,,negativo

@melhorpe @sargentofahur e eu pensei que lugar de bandido era na cadeia  sem receber nenhum indulto  igual o lula,Mon May 14 16:32:07 +0000 2018,False,marlonnvictor,Brasilia,"Minas Gerais,Brasil",,negativo

@canaldootario para quem quer votar no lula  sugiro comprar um delorean ,Mon May 14 16:32:08 +0000 2018,False,Francis96504914,,,,negativo

 @depmarcomaia �nos do direito vamos fazer a nossa pae  cada um ajuda de um jeito  mas temos ceeza de que a solucao nao sai do direi�,Mon May 14 16:32:10 +0000 2018,False,Aloisiofcs,Brasilia,Minas Gerais,,neutro

 @gleisi mais uma pesquisa  lula continua na frente  com o dobro de votos de quem esta em segundo lugar sao 36 dias fora do convivio da�,Mon May 14 16:37:55 +0000 2018,False,Warley_Lopes,Brasilia,Sta B�rbara e Gyn,,positivo

 @lulapelobrasil o povo quer no palacio do planalto a volta do melhor presidente de todos os tempos  ,Mon May 14 16:37:55 +0000 2018,False,Solka1578,,,,positivo

caui o numero dos que consideram a prisao de lula justa de 55% para 51%  nao informam o numero de contrarios  90% n� ,Mon May 14 16:37:57 +0000 2018,False,rafaelmartelo,Santiago,,,negativo

 @veja bolsonaro mantem lideranca em cenario sem lula  diz pesquisa cnt ,Mon May 14 16:37:59 +0000 2018,False,soabcampos,Brasilia,Brasil,,negativo

assim como @gleisi  (cada um no seu chiqueiro) @gilmarmendes precisa ser contido  tiveram seus 15 minutos de fama � ,Mon May 14 16:37:59 +0000 2018,False,RepBianchi,,Espirito Santo - Brasil,,neutro

 @garygaribaldi que e o melhor nome pra vice do lula,Mon May 14 16:37:59 +0000 2018,False,DirceGenoinaSoa,Brasilia,Santo Andr� - SP,,neutro

 @esclareceu dia dos namorados chegando e eu to so o lula molusco ,Mon May 14 16:38:01 +0000 2018,False,pqjapaaa,,"Cabo Frio, Brasil",,neutro

 @dmptsp lula segue lider em todas as pesquisas #lulalivre #lulainocente #lulapresidente  via @lulapelobrasil,Mon May 14 16:38:02 +0000 2018,False,pauloeduwcski,Brasilia,no caf� do ped�gio,,positivo

gimar precisa uegente de um susto e de um sus tb ,Mon May 14 16:38:02 +0000 2018,False,MaxBrasil2000,Pacific Time (US & Canada),,,neutro

esquerda caviar lula errou ao entregarse ao regime�ditatorial  ,Mon May 14 16:38:03 +0000 2018,False,cridaonews1,,ARA�ATUBA-SP,,negativo

"

#pt tem que apresentar o vice do presidente lula  celso amorim e o mais capacitado  para t� ",Mon May 14 16:38:05 +0000 2018,False,GILSantana1080,Brasilia,"Bahia, Brasil",,positivo

 @gleisi mais uma pesquisa  lula continua na frente  com o dobro de votos de quem esta em segundo lugar sao 36 dias fora do convivio da�,Mon May 14 16:38:06 +0000 2018,False,hudsoncunha,Brasilia,Brasilia,,positivo

 @rodrigorobles01 a acusacao sem provas contra o reitor da ufsc nao e muito diferente da acusacao sem provas contra lula a triste difer�,Mon May 14 16:38:07 +0000 2018,False,taniaeginaramos,,Florian�polis SC ,,positivo

convite para morar junto com ele em curitiba ,Mon May 14 16:38:07 +0000 2018,False,Maurcio_Rossi,,,,neutro

 @anavilarinno deve da um desespero nos golpistas  ter que prender lula pra terem chances de vencer  ai vem a pesquisa mostra lula na fr�,Mon May 14 16:38:08 +0000 2018,False,pauloeduwcski,Brasilia,no caf� do ped�gio,,positivo

 @esclareceu dia dos namorados chegando e eu to so o lula molusco ,Mon May 14 16:38:09 +0000 2018,False,AlisonBento3,,"Peabiru, Brasil",,neutro

@gatoporlebre @oglobopolitica que mania de perseguicao vcs ptralhas tem lula foi condenado por mais de 15 juizesvai chorar na cama,Mon May 14 16:38:11 +0000 2018,False,helio_mano,,"Rio de Janeiro, Brasil",,negativo

ate o lula se entregou para a policia e nada de vc se entregar para mim afs � iali kkkkk ,Mon May 14 16:38:14 +0000 2018,False,NogueiraRF,Pacific Time (US & Canada),"Iraj�, Rio de janeiro",,negativo

@gleisi lula e condenado e presidiario  logo nao e candidato  vc vai seguir o mesmo caminho,Mon May 14 16:38:17 +0000 2018,False,jarbas_leonardo,,"Rio de Janeiro, Brasil",,negativo

 @delucca ja estao querendo enfiar uma possivel vitoria de alckmin ou bolsonaro na conta do pt  porque este nao desistiu da candidatura�,Mon May 14 16:38:18 +0000 2018,False,LuccaFantuzzi,,Rio de Igrejinha,,negativo

@elpais_brasil com lula sem lula ele e o primeiro lula so chega em primeiro em fraudes,Mon May 14 16:38:19 +0000 2018,False,TobaruelaBrunno,,"S�o Paulo, Brasil",,negativo

 @lindberghfarias os numeros da nova pesquisa cnt sensus sao arrasadores lula segue liderando mesmo privado de liberdade na sua ausenc�,Mon May 14 16:38:20 +0000 2018,False,Warley_Lopes,Brasilia,Sta B�rbara e Gyn,,positivo

 @emanoel1953 herson capri �o mundo inteiro ja sabe que lula e inocente seu governo foi o melhor  que governou para o povo eu estou p�,Mon May 14 16:38:21 +0000 2018,False,PretaLulaSiva,,,,positivo

 @lindberghfarias os numeros da nova pesquisa cnt sensus sao arrasadores lula segue liderando mesmo privado de liberdade na sua ausenc�,Mon May 14 16:38:29 +0000 2018,False,vladdico,Brasilia,"Salvador, Bahia, Brasil",,positivo

 @brasil247 rede lula livre de radio entra no ar nesta segundafeira ,Mon May 14 16:38:29 +0000 2018,False,PretaLulaSiva,,,,positivo

e melhor apoiar o lula logo ,Mon May 14 16:38:32 +0000 2018,False,RedesCiro,Brasilia,"Bras�lia, Brasil",,positivo

 @caamaior sem lula  vence o fascismo com lula fica assim  segundo a pesquisa divulgada nesta 2� feira pela cnt/mda  lula teria 32 4%�,Mon May 14 16:38:33 +0000 2018,False,Billylflf,Brasilia,Porto Alegre,,positivo

 @salseira deputados do pt falam em obstruir votacoes enquanto lula nao for solto e chamam sergio moro de bandido  criminoso e lixo ,Mon May 14 16:38:33 +0000 2018,False,pacesartupy,,Fortal/BRASIL,,negativo

@uol como e isso se o bnds esta pagando as dividas que o lula ladrao junto com a quadrilha do pt paido dos trambi� ,Mon May 14 16:52:48 +0000 2018,False,siumennunes1231,,,,negativo

 @queilesoares lula sobe na pesquisa cnt apos prisao ,Mon May 14 16:52:50 +0000 2018,False,Pollima36,,,,positivo

estado de excecao a era lula e o�poslula  ,Mon May 14 16:52:50 +0000 2018,False,MiguelBBargas,Brasilia,"S�o Paulo, Brasil",,neutro

 @blogdojefferson de acordo com a pesquisa cnt divulgada hoje  51 0% consideram que a prisao do expresidente lula e justa e voce  acha�,Mon May 14 16:52:51 +0000 2018,False,rocoguima,Brasilia,,,negativo

 @humbeocostapt pesquisa cnt/mda mostra que lula lidera com folga ,Mon May 14 16:52:52 +0000 2018,False,siilvoney,,Brasil,,positivo

@pcdob_oficial essa estrategia estabelecida pela unasul e determinada por lula (o geopolitico) que a unica forma ho� ,Mon May 14 16:56:12 +0000 2018,False,ricardo18620193,,"Rio de Janeiro, Brasil",,neutro

 @elpais_brasil em todos os cenarios de primeiro turno sem lula  bolsonaro assume a ponta  oscilando entre 20 7% e 18 3% ,Mon May 14 16:56:13 +0000 2018,False,matheusbht,Brasilia,Belo Horizonte,,negativo

@glauber_braga kkk  a globo  fodeu  com o supremoadeus  supremoo povo nao e bobo  e acordouo fim do s� ,Mon May 14 16:56:14 +0000 2018,False,lula_nery,,,,negativo

sem lula  bolsonaro lidera com�folga  ,Mon May 14 16:56:17 +0000 2018,False,Celso_Gazeta,Brasilia,"Curitiba, Paran�",,negativo

@gleisi mas vamos pensar pelo lado positivo  lula ta com 36 dias sem roubar,Mon May 14 16:56:19 +0000 2018,False,hangerps,,"Eus�bio, Brasil",,negativo

 @brgil39 diretora do ibope admite sem lula  eleicao e so desalento e desesperanca ,Mon May 14 16:56:20 +0000 2018,False,abssoares,,"Po�os de Caldas, Brasil",,positivo

 @gfiuza_oficial tite convoca a selecao e o brasil continua aguardando a convocacao de dirceu lula ja esta concentrado,Mon May 14 16:56:21 +0000 2018,False,fmggaraujo,,"S�o Paulo, Brasil",,neutro

 @duobrasil41 pesquisa cnt lula nao cai apos prisao  lidera em todos os cenarios e seria facilmente eleito presidente do brasil  ,Mon May 14 16:56:21 +0000 2018,False,DeiseQuintilia1,,"Rio de Janeiro, Brasil",,positivo

sem lula  bolsonaro lidera com�folga  ,Mon May 14 16:56:24 +0000 2018,False,Contraponto_jor,,,,negativo

baixar custo do staf de lula mas vai pro inferno seu idiota  lula condenado e preso  deixa de ser cidadao como q� ,Mon May 14 16:56:25 +0000 2018,False,BR100PTRALHAS,Pacific Time (US & Canada),,,negativo

hoje  a direcao nacional do pt deu inicio a montagem da campanha a presidencia de lula e isso ai nao tem plano a � ,Mon May 14 16:56:26 +0000 2018,False,RogerioCorreia_,Brasilia,Belo Horizonte,,positivo

 @macsanto787 para 90 3% a justica brasileira nao age de forma igual para todos no segundo turno  o expresidente lula vence em todos o�,Mon May 14 16:56:27 +0000 2018,False,marcaogui,Brasilia,Aracaju - Sergipe,,positivo

por enquanto a direita concorda e apoia a imparcialidadequero ver quando o jogo virar e todos sabemos que a na� ,Mon May 14 16:56:28 +0000 2018,False,brasjs,Brasilia,,,positivo

 @rogeriocorreia_ mais uma pesquisa de intencao de voto divulgada hoje  14 de maio mais uma vez  lula no topo com folga segundo o cnt�,Mon May 14 16:56:30 +0000 2018,False,rnumeriano,,Recife,,positivo

"@flavioautista porra

entao tem que soltar o lula",Mon May 14 16:56:33 +0000 2018,False,Na_poleao,,"Santo Andr�, Brasil",,positivo

 @muylaee metade do tempo de jornalismo da globonews e dedicado a prorrogacoes de inqueritos contra temer ninguem fala de joesley bat�,Mon May 14 16:56:35 +0000 2018,False,ValmirLorosae,Brasilia,Vila Velha,,neutro

 @humbeocostapt na vigilia lula livre  em curitiba  uma caa de 30 metros chegou da amazonia para trazer palavras de esperanca e resi�,Mon May 14 16:56:36 +0000 2018,False,EdsonGleipson,,,,positivo

@jvlisboa9 @rembodinho @gen_villasboas pois e  cade o valentao que ameacou o acovardado stj para prender o lula me� ,Mon May 14 16:56:38 +0000 2018,False,aunsoy,Buenos Aires,Buenos Aires,,neutro

 @delucca mais uma da pesquisa cnt/mda de hoje lula e o candidato  entre todos  com maior potencial positivo e tem o terceiro menor pot�,Mon May 14 16:56:41 +0000 2018,False,PeterPerson,Brasilia,Paran�,,positivo

 @rodrigorobles01 a acusacao sem provas contra o reitor da ufsc nao e muito diferente da acusacao sem provas contra lula a triste difer�,Mon May 14 16:56:41 +0000 2018,False,gmnpipoca,,,,positivo

 @rogeriocorreia_ hoje  a direcao nacional do pt deu inicio a montagem da campanha a presidencia de lula e isso ai nao tem plano a  b�,Mon May 14 16:56:42 +0000 2018,False,cerebrobh,Brasilia,,,positivo

 @caacapital a pesquisa mostra que  com ou sem lula da disputa  a intencao de votos a bolsonaro muda muito pouco ,Mon May 14 16:56:45 +0000 2018,False,TeresaIanino4,,"Rio de Janeiro, Brasil",,neutro

 @deputadofederal #inglaterra em londres  o democracy for brasil paicipou da marcha dos trabalhadores do reino unido clamando lula li�,Mon May 14 16:56:46 +0000 2018,False,pauloaa1969,Pacific Time (US & Canada),"Itajai, SC",,positivo

 @joaquimestevam o mito lula  quem lucrou foi banqueiros  empresarios  paises ditatoriais  amigos e familia distribuiram migalhas ao po�,Mon May 14 17:08:31 +0000 2018,False,NTomazzon,America/Sao_Paulo,RS-Brasil,,negativo

 @alberi_petersen gleisi  minhas reverencias pelo seu trabalho e lideranca  orgulho de vc  quero votar no lula ,Mon May 14 17:12:56 +0000 2018,False,PatrialivreBras,Pacific Time (US & Canada),Brasil,,positivo

@gleisi eu sobrevivi com graves sequelas a 8 anos de governo do lula e a 6 anos de governo da dilma rousseffe ai� ,Mon May 14 17:12:59 +0000 2018,False,DALTONJARAUJOF,,"S�o Jos� dos Pinhais, Brasil",,negativo

num segundo turno lula venceria temer o golpista por 85% a 15% dos votos validos isso diz muita coisa ,Mon May 14 17:12:59 +0000 2018,False,franciscoamr,Bern,"Munich, Germany",,positivo

o stf de tanto se apequenar chegara o momento q nao sera mais necessaria a sua existencia ,Mon May 14 17:13:00 +0000 2018,False,dmmaria,Brasilia,Umuarama-PR,,positivo

 @implicante_org lula lutava contra a reforma previdenciaria  investia r$ 9 milhoes na previdencia privada ,Mon May 14 17:13:05 +0000 2018,False,Luiscsilvatorre,,"Newcastle Upon Tyne, England",,positivo

 @aracipatriota lula nunca prestou minha gente homem que lancou lula no sindicalismo abre o coracao lula sempre foi um bom vivant�,Mon May 14 17:13:07 +0000 2018,False,MissMarplle,Buenos Aires,,,negativo

 @joaquimestevam o mito lula  quem lucrou foi banqueiros  empresarios  paises ditatoriais  amigos e familia distribuiram migalhas ao po�,Mon May 14 17:13:07 +0000 2018,False,Gil_BR_MG,Pacific Time (US & Canada),,,negativo

 @veja bolsonaro mantem lideranca em cenario sem lula  diz pesquisa cnt ,Mon May 14 17:13:09 +0000 2018,False,Neia7Enas,Brasilia,"Montevideu, Uruguai",,negativo

@lakewould lula poderia estar preso  em meus bracos,Mon May 14 17:13:10 +0000 2018,False,starsbeaks,,"Santa Catarina, Brasil",,positivo

 @kallil_oliveira a direita sem votos montou um circo juridico/midiatico para prender lula no intuito de vencer as eleicoes no tapetao �,Mon May 14 17:13:10 +0000 2018,False,CassiaVF,Santiago,Rio RJ,,positivo

sem lula  bolsonaro lidera em todos os cenarios  indica pesquisa cnt/mda veja mais no uol acesse ,Mon May 14 17:13:12 +0000 2018,False,MeliandeRose,,"Rio de Janeiro, Brasil",,negativo

 @luizmuller comandantes da aeronautica inocentam lula e dizem que ele nao interferiu em compra de�cacas  ,Mon May 14 17:13:16 +0000 2018,False,anisionogueira,Brasilia,Ara�atuba-SP-BRASIL,,positivo

@revistaistoe lula marginal,Mon May 14 17:13:17 +0000 2018,False,alex_santanag1,,Brasil,,negativo

 @lulapelobrasil o povo quer no palacio do planalto a volta do melhor presidente de todos os tempos  ,Mon May 14 17:13:20 +0000 2018,False,marioakira308,,,,positivo

 @pauloba30395640 sob toffoli o stf assumira ser a cara do golpe ao manter paulo preto solto e lula preso ate depois das eleicoes  ,Mon May 14 17:13:20 +0000 2018,False,luciano0951,,S�o Paulo,,positivo

@exame eu ja disse  com lula tambem   lula ta moo junto com o pt,Mon May 14 17:13:23 +0000 2018,False,SousaElias40,,,,negativo

#comopresidenteeu faria tudo ao contrario que a dilma e o lula fizeram ,Mon May 14 17:13:25 +0000 2018,False,Ryan1hsjs,,,,negativo

 @rubensvianna6 @renovamidia a midia brasileira e uma organizacao criminosa que e conivente e condescendente ao pt e ao lula ela fara d�,Mon May 14 17:13:26 +0000 2018,False,geraldo1963,,"Juiz de Fora, Brasil",,negativo

 @rogeriocorreia_ hoje  a direcao nacional do pt deu inicio a montagem da campanha a presidencia de lula e isso ai nao tem plano a  b�,Mon May 14 17:13:27 +0000 2018,False,fafamorais1957,,Brasilia-DF,,positivo

sem lula e barbosa  bolsonaro lidera seguido por marina e ciro  mais regiao ,Mon May 14 17:13:29 +0000 2018,False,MaisRegiao,Santiago,Bahia,,negativo

 @aracipatriota lula nunca prestou minha gente homem que lancou lula no sindicalismo abre o coracao lula sempre foi um bom vivant�,Mon May 14 17:13:36 +0000 2018,False,CarlosbarbosaA3,,,,negativo

 @casa_dos_pobres nao havia dificuldade no governo lula pelo contrario o mdb(o pmdb) queria paicipar  e as queixas eram pequenas os�,Mon May 14 17:13:40 +0000 2018,False,CassiaVF,Santiago,Rio RJ,,positivo

 @jaraujolopes classe politica em alea pesquisa cnt/mda testou 16 nomes  dos quais 9 nao registraram nem 1% lula manteve lideranca n�,Mon May 14 17:13:40 +0000 2018,False,CassiaVF,Santiago,Rio RJ,,positivo

a vontade do povo e soberana  #lulalivre ,Mon May 14 17:13:42 +0000 2018,False,Dani_Abrahao,Hawaii,,,positivo

 @brgil39 diretora do ibope admite sem lula  eleicao e so desalento e desesperanca ,Mon May 14 17:13:45 +0000 2018,False,PatrialivreBras,Pacific Time (US & Canada),Brasil,,positivo

sem lula e barbosa  bolsonaro lidera seguido por marina e ciro  diz cnt/mda ,Mon May 14 17:13:48 +0000 2018,False,votehojebrasil,,S�o Paulo,,negativo

 @naldovalenca malandramente  imprensa calhorda nao vai te falar que esse colchao ( caixa do bndes  tesouro e reservas ) e legado do gov�,Mon May 14 17:13:51 +0000 2018,False,pincc33,,,,negativo

 @graavieira empresario inocenta lula em caso do sitio de atibaia negociou compra com irmaos bittar sem paicipacao de familiares de lu�,Mon May 14 17:13:57 +0000 2018,False,Jorge_sculder,Greenland,Em algum canto deste pa�s,,positivo

 @monicabergamo pesquisa cnt/mda lula 32 4%  bolsonaro  16 6%  marina 7 6 % ciro gomes 5 4%  alckmin 4%  temer 0 9% sem lula  bolsonar�,Mon May 14 17:14:02 +0000 2018,False,VitorVmcss,,Bracknell,,positivo

o lula e um ladrao e por isso esta na cadeia,Mon May 14 17:14:06 +0000 2018,False,Dell_e_Gui,,,,negativo

pt define berzoini e gabrielli na coordenacao de campanha de lula ,Mon May 14 17:14:06 +0000 2018,False,aparaibatem,Brasilia,salvador/bahia,,neutro

 @teneriffesea em deus pra ajudar a gnt em algum milagre ,Mon May 14 17:14:10 +0000 2018,False,_caarolcastro,Quito,,,neutro

@delucca eleicao sem lula e fraude seja la quem for eleito  sem ter disputado com lula  nao tera legitimidade,Mon May 14 17:14:14 +0000 2018,False,Elainegcuiaba,,"Cuiab�, Brasil",,positivo

a forca  lula livre no mundo  agora em londres free lula  via @youtube,Mon May 14 17:14:14 +0000 2018,False,grfavoritos,Brasilia,,,positivo

 @emanoel1953 herson capri �o mundo inteiro ja sabe que lula e inocente seu governo foi o melhor  que governou para o povo eu estou p�,Mon May 14 17:14:23 +0000 2018,False,franciscoamr,Bern,"Munich, Germany",,positivo

 @ptnacamara lula segue lider em todas as pesquisas #lulalivre  ,Mon May 14 17:30:28 +0000 2018,False,MariaEd07812623,,"Juiz de Fora, Brasil",,positivo

 @paulacamara_ warlley alves no  #ufcrionocombate  lula livre   livre de toda mordomia bandido tem que ta na cadeia voce ta na cadei�,Mon May 14 17:30:32 +0000 2018,False,findlelo,,Bras�lia - DF,,negativo

 @joicehasselmann cenas de curitiba morador idoso deixa sua casa por causa do barulho constante do acampamento prolula ,Mon May 14 17:30:33 +0000 2018,False,Kakapassos,Brasilia,"S�o Paulo, Brasil",,negativo

@edgard_piccoli ninguem vira assaltante de carreira por causa do sistema o lula e analfabeto e ocupou o cargo mais� ,Mon May 14 17:30:35 +0000 2018,False,julianaayres,Brasilia,"Santos, S�o Paulo",,positivo

 @poaldaband maioria considerou prisao de lula como justa  mostra pesquisa cnt/mda &gt&gt  ,Mon May 14 17:30:35 +0000 2018,False,jotajcmmorais,Greenland,Itupeva - SP,,negativo

 @ubaldobarbosa comandantes da aeronautica inocentam lula e dizem que ele nao interferiu em compra de cacas ,Mon May 14 17:30:39 +0000 2018,False,amaliafina5,,,,positivo

eleicao sem @lulapelobrasil e fraude ,Mon May 14 17:30:42 +0000 2018,False,claudiofgh,Brasilia,"Recife, Brasil",,positivo

 @joicehasselmann cenas de curitiba morador idoso deixa sua casa por causa do barulho constante do acampamento prolula ,Mon May 14 17:30:42 +0000 2018,False,fitzca,Brasilia,Manaus - AM,,negativo

 @nelsonhbarbosa outro numero impoante desta pesquisa e que  para 90% dos entrevistados  a justica brasileira nao age igual para todos�,Mon May 14 17:30:45 +0000 2018,False,antonioveronese,Paris,Paris-France,,positivo

 @brgil39 perseguicao ao lula acaba com o judiciario cnt/mda para 90%  justica brasileira nao age de forma igual para todos ,Mon May 14 17:30:49 +0000 2018,False,JujuMathiasMar4,Brasilia,#LulaPresoPolitico,,positivo

 @valor_economico analise pesquisa cnt/mda mostra sucesso da estrategia de lula ,Mon May 14 17:30:49 +0000 2018,False,gu_afonso,Santiago,,,positivo

ps pt insiste na candidatura de lula ate o fim estao esperando os votos serem anulados essa gente e mesquinha e� ,Mon May 14 17:30:49 +0000 2018,False,CastroLuanna,Santiago,"Bras�lia, Brasil",,positivo

apos desafio de palocci  petistas podem ser tratados como cinicos vao continuar fingindo que lula e honesto ,Mon May 14 17:30:52 +0000 2018,False,deltaservtec,,S�o Paulo,,negativo

 @lindberghfarias os numeros da nova pesquisa cnt sensus sao arrasadores lula segue liderando mesmo privado de liberdade na sua ausenc�,Mon May 14 17:30:53 +0000 2018,False,agesantana,Brasilia,Jo�o Pessoa,,positivo

kkkkkkk lula e oque kkkkkk um presidiario @humbeocostapt  as ideis ficam dentro da cabeca e o molusco e acefalo� ,Mon May 14 17:30:56 +0000 2018,False,monicamontalvao,Lisbon,Brasil,,negativo

" @arquiber mesmo somando o resultado do 2� e o 3� colocado na pesquisa  o expresidente mantem vantagem de oito pontos 
",Mon May 14 17:30:56 +0000 2018,False,MariaEd07812623,,"Juiz de Fora, Brasil",,positivo

de todos os candidatos entre bolsonaroo sonho dos petistas (lula preso)marina e ciro gomes e disparado bolsonaro� ,Mon May 14 17:39:14 +0000 2018,False,MagalOsmar,,,,negativo

 @mirandasa_ bandidos da tropa de assalto de lula precisam ser perseguidos e presos a impunidade multiplicara atos criminosos como o qu�,Mon May 14 17:39:18 +0000 2018,False,AMAROK_LUPPUS,Brasilia,Brasil,,negativo

 @carrilhovital metastases de um cancer chamado lula @helorockandroll @marcelloperezz @rosangela_bolze @maurifontys @sakasakamori @erva�,Mon May 14 17:39:19 +0000 2018,False,magapasreal,Brasilia,Brazil,,negativo

urgente  apos um mes de prisao politico  lula dispara em pesquisa e revolta coxinhas  ,Mon May 14 17:39:20 +0000 2018,False,fabiorool,,,,positivo

 @brasil247 sem lula  64 8 milhoes nao querem votar em ninguem por alex solnik ,Mon May 14 17:39:21 +0000 2018,False,CarlosAraujo68,Brasilia,,,positivo

 @lindberghfarias os numeros da nova pesquisa cnt sensus sao arrasadores lula segue liderando mesmo privado de liberdade na sua ausenc�,Mon May 14 17:39:21 +0000 2018,False,bebummineiro,,,,positivo

 @freiadelmo o mst  vem a publico declarar o apoio a candidatura de lula  por entender que ela representa a luta contra o golpe e os de�,Mon May 14 17:39:21 +0000 2018,False,joomikhail,Pacific Time (US & Canada),SAMPA ,,positivo

@so1txow e ainda mete uma faixa de lula livre na parada,Mon May 14 17:39:22 +0000 2018,False,jandersonfel,Atlantic Time (Canada),"Macei�, Brasil",,positivo

 @enquette_ vamos contestar a pesquisa�cnt/mda  na sua opiniao a prisao do lula foi,Mon May 14 17:39:24 +0000 2018,False,MortadelaFeliz,,"S�o Crist�v�o, Rio de Janeiro",,negativo

 @valor_economico analise pesquisa cnt/mda mostra sucesso da estrategia de lula ,Mon May 14 17:39:26 +0000 2018,False,Warley_Lopes,Brasilia,Sta B�rbara e Gyn,,positivo

 @heldersalomao o golpe que comecou com a prisao do ze dirceu e passou pelo impeachment da dilma  esbarra em lula  que mesmo preso  lide�,Mon May 14 17:39:31 +0000 2018,False,Sofimagal,,,,positivo

 @implicante_org a operacao lava jato fez de lula o primeiro expresidente condenado na historia do brasil ,Mon May 14 17:39:32 +0000 2018,False,BheringPia,,,,negativo

 @jorgeribeirose moradores de ocupacao revelam que eram obrigados a paicipar de atos prolula ou eram expulsos das moradias ,Mon May 14 17:39:34 +0000 2018,False,GilmarBorges,,Ribeir�o Preto SP - Brasil,,negativo

 @heldersalomao o golpe que comecou com a prisao do ze dirceu e passou pelo impeachment da dilma  esbarra em lula  que mesmo preso  lide�,Mon May 14 17:39:35 +0000 2018,False,Pollima36,,,,positivo

e ai mores ,Mon May 14 17:39:43 +0000 2018,False,marinadolacre,Pacific Time (US & Canada),"Acre, Brasil",,neutro

 @naldovalenca parece que tirar o pais do mapa da fome e crime hediondo para a elite torpe agora reaconaria quer manter lula da silva p�,Mon May 14 17:39:45 +0000 2018,False,francaverdade,Brasilia,,,positivo

 @redebrasilatual #eleicoes2018 pesquisa cnt/mda mostra lula de novo a frente de todos os demais presidenciaveis ,Mon May 14 17:39:47 +0000 2018,False,monisecris,Brasilia,S�o Paulo,,positivo

" @agoranoticiasbr responsavel por um dos maiores prejuizos a petrobras  recebe convite de lula
o presidiario chamou a pessoa cea  afin�",Mon May 14 17:39:48 +0000 2018,False,901Max,Brasilia,"Salvador, Brasil",,negativo

 @caamaior sem lula  vence o fascismo com lula fica assim  segundo a pesquisa divulgada nesta 2� feira pela cnt/mda  lula teria 32 4%�,Mon May 14 17:39:49 +0000 2018,False,francaverdade,Brasilia,,,positivo

@luananatalig lula ladrao  roubou meu coracao,Mon May 14 17:39:51 +0000 2018,False,Vitor_lopesss,,"Esp�rito Santo, Brasil",,positivo

 @gleisi mais uma pesquisa  lula continua na frente  com o dobro de votos de quem esta em segundo lugar sao 36 dias fora do convivio da�,Mon May 14 17:39:53 +0000 2018,False,_edvaldo21,,"Santar�m, Brasil",,positivo

 @augustosnunes paulo okamotto e gilbeo carvalho juram que lula demorou 111 fins de semana para concluir que atibaia fica longe de sao�,Mon May 14 17:39:57 +0000 2018,False,celso_nicollete,Madrid,Barcelona,,negativo

 @brasil247 sem lula  64 8 milhoes nao querem votar em ninguem por alex solnik ,Mon May 14 17:39:59 +0000 2018,False,CarNunesLeite,,"Zona Central, Rio Claro",,positivo

sem lula  bolsonaro lidera em todos os cenarios  indica pesquisa cnt/mda  ,Mon May 14 17:40:00 +0000 2018,False,correio_dopovo,Brasilia,,,negativo

 @caamaior sem lula  vence o fascismo com lula fica assim  segundo a pesquisa divulgada nesta 2� feira pela cnt/mda  lula teria 32 4%�,Mon May 14 17:40:02 +0000 2018,False,sergiodf2005,Brasilia,Brasilia DF,,positivo

 @brasil247 sem lula  64 8 milhoes nao querem votar em ninguem por alex solnik ,Mon May 14 17:40:01 +0000 2018,False,AliceTartaglia,Santiago,,,positivo

 @delucca mais uma da pesquisa cnt/mda de hoje lula e o candidato  entre todos  com maior potencial positivo e tem o terceiro menor pot�,Mon May 14 17:51:19 +0000 2018,False,sergiodf2005,Brasilia,Brasilia DF,,positivo

 @politica_santos pesquisa mostra que diferenca entre lula e a soma de todos outros candidatos segue caindo e aumenta a chance da eleica�,Mon May 14 17:51:19 +0000 2018,False,casa_dos_pobres,,Brasil,,positivo

 @heldersalomao o golpe que comecou com a prisao do ze dirceu e passou pelo impeachment da dilma  esbarra em lula  que mesmo preso  lide�,Mon May 14 17:51:22 +0000 2018,False,MestreRoceiro,,Minas Gerais,,positivo

 @bohngass pesquisa cnt/mda que foi divulgada hoje de manha mostra que com lula nas eleicoes ele lidera com 32 4% dos votos contra 16 7%�,Mon May 14 17:51:22 +0000 2018,False,angeherrmann,Pacific Time (US & Canada),"Vacaria, Brasil",,positivo

cuidado com a propaganda enganosa informese com os dados e fatos ,Mon May 14 17:51:25 +0000 2018,False,biatrixx,Brasilia,Rio de Janeiro - Brasil,,neutro

cnt/mda mesmo preso  lula venceria as eleicoes no 1� e no 2� turno ,Mon May 14 17:51:25 +0000 2018,False,leleflorosa,Brasilia,"Sorocaba, S�o Paulo",,positivo

 @goescarlos e meio obvio que a justica nao e igual pra todos criminosos ricos e poderosos como lula tem acesso a privilegios que a ime�,Mon May 14 17:51:25 +0000 2018,False,piresl,Brasilia,"Nova Petr�polis, Brasil",,negativo

@gleisi nem podemos so lula pode nos salvar,Mon May 14 17:51:27 +0000 2018,False,Garygaribaldi,,"Rio de Janeiro, Brasil",,positivo

 @gleisi mais uma pesquisa  lula continua na frente  com o dobro de votos de quem esta em segundo lugar sao 36 dias fora do convivio da�,Mon May 14 17:51:32 +0000 2018,False,lhq_lula,,Brasil,,positivo

bolsonaro lidera primeira pesquisa e tem 20 7% das intencoes de�voto  ,Mon May 14 17:51:32 +0000 2018,False,valderitavares,Brasilia,Assu RN,,negativo

 @lindberghfarias os numeros da nova pesquisa cnt sensus sao arrasadores lula segue liderando mesmo privado de liberdade na sua ausenc�,Mon May 14 17:51:41 +0000 2018,False,ediiaa,Brasilia,Salvador -Bahia,,positivo

"#lulalivreja #lulapresopolitico
sem lula  64 8 milhoes nao querem votar em ninguem  via @brasil247",Mon May 14 17:51:43 +0000 2018,False,CatiaAmorim5,,Rio de Janeiro,,positivo

 @vemprarua_br em depoimento sobre o triplex  lula deixa escapar que conversou com leo pinheiro sobre a cozinha de atibaia aquela  que�,Mon May 14 17:51:49 +0000 2018,False,phdigitos,America/Recife,Terra do Nunca,,negativo

" @monicabergamo sem lula na urna  percentual de brancos  nulos e indecisos salta de 26 7% para 45 7% mostra pesquisa cntmda
",Mon May 14 17:51:50 +0000 2018,False,Blogdofavre,Paris,,,positivo

 @enquette_ vamos contestar a pesquisa�cnt/mda  na sua opiniao a prisao do lula foi,Mon May 14 17:51:54 +0000 2018,False,rafaelnery81,,"S�o Paulo, Brasil",,positivo

"o que todo mundo ja sabia e revelado pela pesquisa cnt
lula e perseguido  preso politico  injusticado e o melhor c� ",Mon May 14 17:51:54 +0000 2018,False,Florisrs,Hawaii,,,positivo

mesmo preso lula lidera todos cenarios e vence todos no 1� e 2� turno  mostrando que nem o prendendo o povo deixari� ,Mon May 14 17:51:57 +0000 2018,False,BastidoresMidia,Brasilia,,,positivo

 @deciolimapt maelo batido lula sera candidato a presidencia da republica  queira o golpe ou nao ,Mon May 14 17:52:01 +0000 2018,False,euskogudariakk,,Bs as,,positivo

@maratpaulo @delucca lula ta fora  acabou condenado  preso  ficha suja  somar as penas vai dar mais de 100 anos de� ,Mon May 14 17:52:01 +0000 2018,False,cri68071,America/Sao_Paulo,"Minas Gerais, Brasil",,negativo

 @erikakokay mesmo perseguido  caluniado e preso sem crime e sem provas  pesquisa cnt/mda mostra que lula segue na lideranca e e invenci�,Mon May 14 17:52:03 +0000 2018,False,Warley_Lopes,Brasilia,Sta B�rbara e Gyn,,positivo

@brasil247 sem lula nas eleicoes que legitimidade teria quem for eleito seria outro �michael temer�  e como ganha� ,Mon May 14 17:52:04 +0000 2018,False,wilsondenotari,,S�o Paulo - Brasil,,positivo

com toda forca  avanca bolsonaro ,Mon May 14 17:52:04 +0000 2018,False,PretiVill,Santiago,Balneario Camboriu/Curitiba,,negativo

 @valor_economico analise pesquisa cnt/mda mostra sucesso da estrategia de lula ,Mon May 14 17:52:04 +0000 2018,False,Lairinho,,"Mossor�, Brasil",,positivo

" @monicabergamo sem lula na urna  percentual de brancos  nulos e indecisos salta de 26 7% para 45 7% mostra pesquisa cntmda
",Mon May 14 17:52:04 +0000 2018,False,voltandoao405,Brasilia,i live in a city sorrow built,,positivo

 @brasil247 sem lula  64 8 milhoes nao querem votar em ninguem por alex solnik ,Mon May 14 17:52:09 +0000 2018,False,joorodrigues16,Brasilia,,,positivo

 @juliocesaramor o povo do ciro tendo que admitir pesquisa cntmda confirma estrategia aceada do #pt em manter #lula candidato htt�,Mon May 14 17:52:09 +0000 2018,False,casa_dos_pobres,,Brasil,,positivo

 @gu_afonso mas o povo precisa fazer alguma coisa  primeiramente  por sua liberdade se nao lutar nas ruas contra o estado de excecao na�,Mon May 14 17:52:09 +0000 2018,False,Valvostk,,"Saint Petersburg, Russia",,positivo

 @alexxbh moradores de ocupacao revelam que eram obrigados a paicipar de atos prolula ou eram expulsos das moradias ,Mon May 14 17:52:10 +0000 2018,False,fsm0166,,"Bras�lia, Brasil",,negativo

 @o_antagonista o comando da campanha de lula ,Mon May 14 17:52:11 +0000 2018,False,JoaoPaulo1206,Brasilia,,,neutro

 @seujocamoro este criminoso  ladrao  que ainda tem suditos pelo brasil  militancia cansada e comprados com moadela  tem dinheiro para�,Mon May 14 18:35:32 +0000 2018,False,ELIZABE01622820,Brasilia,s paulo,,negativo

 @enquette_ vamos contestar a pesquisa�cnt/mda  na sua opiniao a prisao do lula foi,Mon May 14 18:35:34 +0000 2018,False,LUISPMONTENEGRO,,"Curitiba, Brasil",,positivo

 @leonardosni marcia cavallari diretora do ibope admite sem lula  eleicao e so desalento e desesperanca  uma nacao sem esperanca ,Mon May 14 18:35:36 +0000 2018,False,rosa_de_luta,Brasilia,N�rnia,,positivo

 @renovamidia o paido dos trabalhadores (pt) percebeu que a estrategia de mobilizacao popular para pressionar o judiciario nao funcion�,Mon May 14 18:35:36 +0000 2018,False,LulanaCadeeeiia,,"Fortaleza, Brasil",,negativo

 @joicehasselmann cenas de curitiba morador idoso deixa sua casa por causa do barulho constante do acampamento prolula ,Mon May 14 18:35:37 +0000 2018,False,LUISPMONTENEGRO,,"Curitiba, Brasil",,negativo

 @omarbatista por que lula esta preso e fhc esta livre ,Mon May 14 18:35:38 +0000 2018,False,leucio02,Brasilia,,,positivo

 @blogdojefferson de acordo com a pesquisa cnt divulgada hoje  51 0% consideram que a prisao do expresidente lula e justa e voce  acha�,Mon May 14 18:35:38 +0000 2018,False,CleuzaCarvalho3,,,,negativo

 @bubuzinha cnt/mda mesmo preso  lula lidera folgado com 32 4%  ,Mon May 14 18:35:41 +0000 2018,False,Rafagm13,Santiago,Brasil,,positivo

 @silsaldanha correia  apos dados da cnt/mda nao tem plano a  b ou z tem plano l  de lula ,Mon May 14 18:35:42 +0000 2018,False,guidorezende,,"Itaja�, Santa Catarina",,positivo

 @demetera2 @vanessapeinado9 essa pae eu nao tinha assistido ainda impressionante   a cada fala de lula eu o admiro mais ainda dign�,Mon May 14 18:35:45 +0000 2018,False,hamenteslivres,Pacific Time (US & Canada),Brasil,,positivo

na mesma pesquisa a maioria acha que a prisao do lula e justa (uol),Mon May 14 18:35:49 +0000 2018,False,SendoRacional,Brasilia,S�o Paulo - SP - Brasil,,negativo

cnt/mda mesmo preso  lula lidera folgado com 32 4% (y) o mundo nao lembra daqueles que nao se fazem lembraranunci� ,Mon May 14 18:35:51 +0000 2018,False,jhsfilho,Santiago,Belem PB,,positivo

 @caamaior sem lula  vence o fascismo com lula fica assim  segundo a pesquisa divulgada nesta 2� feira pela cnt/mda  lula teria 32 4%�,Mon May 14 18:35:53 +0000 2018,False,joaomaringa,Greenland,,,positivo

 @deputadofederal 90% dos entrevistados da pesquisa cnt/mda divulgada hoje acreditam que a justica nao atua com imparcialidade a prisao�,Mon May 14 18:35:55 +0000 2018,False,angelinafcoelho,America/Sao_Paulo,Campinas - S. Paulo - Brasil,,positivo

 @jornal_opopular lula lidera intencoes de voto com 32 4% bolsonaro tem 16 7%  aponta pesquisa  ,Mon May 14 18:35:56 +0000 2018,False,jornaldomacico,Brasilia,"Cear�, Brasil",,positivo

te amamos guerreiro forca e fe deus te proteja diariamente #lulalivre #lulapresidente ,Mon May 14 18:35:56 +0000 2018,False,EhLulaDeNovo,,,,positivo

um dia o tempo vai provar e comprovar que este traste foi o maior canalha que ja pisou em terra brasileira  isto te� ,Mon May 14 18:35:57 +0000 2018,False,inter1414,Brasilia,Bento Gon�alves RS,,negativo

enlouquecido pra sair da cadeia  palocci pae pra cima da familia de lula em delacao sem provas ,Mon May 14 18:36:00 +0000 2018,False,gojammaj,America/Sao_Paulo,S�o Paulo - Brasil,,positivo

 @vemprarua_br em depoimento sobre o triplex  lula deixa escapar que conversou com leo pinheiro sobre a cozinha de atibaia aquela  que�,Mon May 14 18:36:02 +0000 2018,False,RobenUDI,Santiago,Atras do p� de gabiroba,,negativo

 @heldersalomao o golpe que comecou com a prisao do ze dirceu e passou pelo impeachment da dilma  esbarra em lula  que mesmo preso  lide�,Mon May 14 18:36:03 +0000 2018,False,anavilarinno,America/Sao_Paulo,"Esp�rito Santo, Brasil",,positivo

 @politica_santos pesquisa mostra que diferenca entre lula e a soma de todos outros candidatos segue caindo e aumenta a chance da eleica�,Mon May 14 18:36:04 +0000 2018,False,EDUARDOSOPHOS,Brasilia,"Fortaleza, Brazil",,positivo

pt faz romaria por lula  ,Mon May 14 18:36:04 +0000 2018,False,ENTORNOi,Caracas,Venezuela,,positivo

 @heldersalomao o golpe que comecou com a prisao do ze dirceu e passou pelo impeachment da dilma  esbarra em lula  que mesmo preso  lide�,Mon May 14 18:36:09 +0000 2018,False,Emilsonrwerner,,Curitiba - PR,,positivo

 @mujicadasilva rui c pimentase lula fosse disputar as eleicoes normalmente a burguesia promoveria uma guerra civil se nao ha guerra c�,Mon May 14 18:36:15 +0000 2018,False,Dudu_brz,Santiago,,,positivo

 @luis13vieira eu nao voto em qualquer outro candidato que nao seja lula ,Mon May 14 18:53:17 +0000 2018,False,vicorleans,,"Ile-de-France, France",,positivo

 @brasil247 sem lula  64 8 milhoes nao querem votar em ninguem por alex solnik ,Mon May 14 18:53:20 +0000 2018,False,jcfilhogyn68,,,,positivo

 @brasil247 sem lula  64 8 milhoes nao querem votar em ninguem por alex solnik ,Mon May 14 18:53:22 +0000 2018,False,ErnaneUrutuGo,Brasilia,Brasil,,positivo

 @lindberghfarias nao tem pra ninguem lula ganha de todo mundo no segundo turno ,Mon May 14 18:53:23 +0000 2018,False,lupoesia77,,"S�o Paulo, Brasil",,positivo

 @gleisi pesquisa cnt/mda tambem mostrou que lula tem mais que o dobro de todos os outros candidatos a presidencia de republica #lulali�,Mon May 14 18:53:27 +0000 2018,False,NynyLula,,,,positivo

90% acredita que a justica nao e para todos  entenderam por que lula e um alvo que ninguem vai derrubar  quem no lugar dele,Mon May 14 18:53:27 +0000 2018,False,GranzottoHugo,,,,positivo

 @gleisi pesquisa cnt/mda tambem mostrou que lula tem mais que o dobro de todos os outros candidatos a presidencia de republica #lulali�,Mon May 14 18:53:28 +0000 2018,False,vicorleans,,"Ile-de-France, France",,positivo

sem lula e barbosa  bolsonaro lidera seguido por marina e�ciro  ,Mon May 14 18:53:28 +0000 2018,False,NewsBereu,,,,negativo

#lulapresidente #lulainocente #lulalivre #lulanobeldapaz #todoscomlula contra o #golpe ,Mon May 14 18:57:32 +0000 2018,False,vivimoreira,Brasilia,Curitiba - Brazil,,positivo

escolher um candidato  esta cada vez mais dificil  ,Mon May 14 18:57:44 +0000 2018,False,arcella1717,,Florian�polis,,neutro

 @rodrigorobles01 a acusacao sem provas contra o reitor da ufsc nao e muito diferente da acusacao sem provas contra lula a triste difer�,Mon May 14 18:57:44 +0000 2018,False,AnaoDunga,Brasilia,,,positivo

 @esquerdavalente mesmo preso  lula lidera com 32 4% e vence todos na cnt/mda  ,Mon May 14 18:57:45 +0000 2018,False,carlatoscan,,"Novo Hamburgo, Brasil",,positivo

dado pra la de simbolico #lulalivre ,Mon May 14 18:57:45 +0000 2018,False,semprealimac,Atlantic Time (Canada),Corinthians - Brasil,,positivo

comentaristas a hipocrisia do pt em lancar  candidatura de lula  via @youtube,Mon May 14 18:57:49 +0000 2018,False,JamessonAntonio,,,,negativo

@nytimes essa ex presidente do brasil esta fazendo palestra pelo mundo mentindo olhem a ficha de crimes que ela co� ,Mon May 14 18:57:54 +0000 2018,False,LulanaCadeeeiia,,"Fortaleza, Brasil",,negativo

 @vemprarua_br em depoimento sobre o triplex  lula deixa escapar que conversou com leo pinheiro sobre a cozinha de atibaia aquela  que�,Mon May 14 18:57:56 +0000 2018,False,UrubuRaizeiro,,"Goi�nia, Brasil",,negativo

 @erikakokay mesmo perseguido  caluniado e preso sem crime e sem provas  pesquisa cnt/mda mostra que lula segue na lideranca e e invenci�,Mon May 14 18:57:59 +0000 2018,False,MgracaGalvao,,"Santo Andr�, Brasil",,positivo

@radioitatiaia sem lula nao ate com o bandido do pt ele ja estava na frente mas era manipulado,Mon May 14 18:58:02 +0000 2018,False,WuillKennedy,,,,negativo

@diariope com lula  bolsonaro tambem lidera,Mon May 14 18:58:04 +0000 2018,False,cronembergerpe,Greenland,Recife- PE,,negativo

sem lula e barbosa  bolsonaro lidera seguido por marina e ciro ,Mon May 14 18:58:05 +0000 2018,False,webinterativapn,Pacific Time (US & Canada),Ponto Novo- BA,,negativo

@radioitatiaia sem lula nao ate com o bandido do pt ele ja estava na frente mas era manipulado,Mon May 14 18:58:02 +0000 2018,False,WuillKennedy,,,,negativo

 @bohngass pesquisa cnt/mda que foi divulgada hoje de manha mostra que com lula nas eleicoes ele lidera com 32 4% dos votos contra 16 7%�,Mon May 14 18:58:12 +0000 2018,False,DeiseQuintilia1,,"Rio de Janeiro, Brasil",,positivo

em caa ao povo brasileiro mst declara apoio a candidatura de lula  via @jornaltornado,Mon May 14 18:58:13 +0000 2018,False,ansomilo,,Vila Nova de Gaia,,positivo

@delucca os votos de lula so migrariam se o candidato fosse do pt por isso nem adianta pensar em um outro nome de um outro paido,Mon May 14 18:58:13 +0000 2018,False,robelia_maria,,,,positivo

@cleusa_slaviero corretissima os ciretes estao doidos porque o imobilismo nas pesquisas incomoda nao adianta fica� ,Mon May 14 18:58:14 +0000 2018,False,fabianotrico,,,,positivo

 @sandra_miria valter pomar desistir da candidatura de lula agora e dar municao ao golpe ,Mon May 14 18:58:17 +0000 2018,False,BetForaTemer,,"S�o Paulo, Brasil",,positivo

 @josepimentel caa do mst ao expresidente lula leia mais  #assessoria ,Mon May 14 18:58:18 +0000 2018,False,tizquadros,,,,neutro

lava jato um dia antes de leilao do triplex atribuido a lula  imovel avaliado em r$ 2 2 milhoes nao recebeu nenhum� ,Mon May 14 18:58:18 +0000 2018,False,vitimasBancoop,Brasilia,"S�o Paulo, Brasil",,neutro

lula abandonado e dilma apavorada a bomba do bndes vai estourar  via @youtube,Mon May 14 18:58:18 +0000 2018,False,Mariade46082509,,"Rio de Janeiro, Brasil",,negativo

minha vo tem nojo de lula uma vez ela comeu sem saber o q era e qnd minha tia contou ela colocou td pra fora co� ,Mon May 14 18:58:27 +0000 2018,False,Ma_lcouto,,"S�o Paulo, Brasil",,negativo

@aldenira13 e  viva o pt lula la,Mon May 14 18:58:28 +0000 2018,False,NynyLula,,,,positivo

 @augustosnunes paulo okamotto e gilbeo carvalho juram que lula demorou 111 fins de semana para concluir que atibaia fica longe de sao�,Mon May 14 18:58:29 +0000 2018,False,SilvioBisconsin,,,,negativo

 @caamaior nas ruas de londres  passeata pede 'lula livre' ,Mon May 14 18:58:40 +0000 2018,False,HermanoNepomuce,Brasilia,Campina Grande,,positivo

 @heldersalomao o golpe que comecou com a prisao do ze dirceu e passou pelo impeachment da dilma  esbarra em lula  que mesmo preso  lide�,Mon May 14 18:58:43 +0000 2018,False,carlatoscan,,"Novo Hamburgo, Brasil",,positivo

eu tb pediria afinal de contas  moro e muito bonzinho veja o caso do lula  condenou o vagabundo a 9 anos de prisa� ,Mon May 14 18:58:43 +0000 2018,False,CanalDoOtario,Brasilia,Brasil,,negativo

@gu_afonso eu sou lula  mas sei que nao vao deixar ele ser candidato  achava que nao teria o golpe  nao teria impec� ,Mon May 14 18:58:45 +0000 2018,False,jdanilobarbosa,,Cuba ,,positivo

 @neroon1976 canalha um lixo esquerdista caviar da laia do fabio assuncao e da lhama ze de abreu esses cornos deviam ir para a venezue�,Mon May 14 18:58:45 +0000 2018,False,adrix20000,International Date Line West,,,negativo

@ladyrenataliv @nytimes essa ex presidente do brasil esta fazendo palestra pelo mundo mentindo olhem a ficha de cr� ,Mon May 14 18:58:45 +0000 2018,False,LulanaCadeeeiia,,"Fortaleza, Brasil",,negativo

" @robsonlopez as redeas dessa eleicao  com supremo  com direita  com globo  com tudo  e de lula
#lulalivre ",Mon May 14 18:58:46 +0000 2018,False,fafamorais1957,,Brasilia-DF,,positivo

 @joicehasselmann cenas de curitiba morador idoso deixa sua casa por causa do barulho constante do acampamento prolula ,Mon May 14 18:58:48 +0000 2018,False,SeieiEdson,,Jap�o,,negativo

 @depjorgesolla enquanto a imprensa tenta naturalizar o discurso golpista de que lula esta fora das eleicoes  o povo quer lula candidato�,Mon May 14 18:58:50 +0000 2018,False,DeiseQuintilia1,,"Rio de Janeiro, Brasil",,positivo

 @deciolimapt lula sera o proximo presidente da republica e o brasil voltara a ser grande ,Mon May 14 18:58:53 +0000 2018,False,bubuzinha,Brasilia,,,positivo

sem lula  64 8 milhoes nao querem votar em ninguem ,Mon May 14 18:58:55 +0000 2018,False,midiatico,America/Sao_Paulo,Indefinida,,positivo

 @euriclea25 rede lula livre de radio entra no ar nesta segundafeira  via @brasil247,Mon May 14 19:06:22 +0000 2018,False,neylopesmachado,,,,positivo

 @souguereira londres pede a libeacao de lula o mundo inteiro sabe que #lulapresopolitico ,Mon May 14 19:06:24 +0000 2018,False,ikc300,,,,positivo

 @muylaee lula esta preso porque roubou o fato de ser um expresidente tao poderoso e influente so reforca matiz de seus crimes ,Mon May 14 19:06:33 +0000 2018,False,HctorMarceloAl4,,"Caldas Novas, Brasil",,negativo

 @passosjon1 lava jato e psdb  povo percebe que sao a mesma  coisa policia politica trabalhado para um paido para eliminar adversari�,Mon May 14 19:06:33 +0000 2018,False,wilsondenotari,,S�o Paulo - Brasil,,positivo

 @blogdopim a tvcrio  tv comunitaria do rio de janeiro  mostra uma propaganda de esquerda atras da outra boulos faz longa apologia a i�,Mon May 14 19:06:40 +0000 2018,False,RSantos53,,"Pindamonhangaba, Brasil",,negativo

mesmo preso  lula lidera com 32 4% e vence todos na cnt/mda ,Mon May 14 19:06:41 +0000 2018,False,pnolasco2000,Brasilia,,,positivo

 @jamoraes2 e depois vem o @ptbrasil dizer que os adversarios disseminam o odio que assistiu o video do evento nao tem a menor duvida q�,Mon May 14 19:06:42 +0000 2018,False,marcos_guerra,Brasilia,Natal/Brasil,,negativo

 @freitasgilvan a historia ameaca se repetir a operacao maos limpas pariu berlusconi a lava jato podera parir bolsonaro lula e a unic�,Mon May 14 19:06:43 +0000 2018,False,NynyLula,,,,positivo

@xicosa @andregallindo voce queria quem do nordeste na selecao seu vagabundo o lula,Mon May 14 19:06:44 +0000 2018,False,bernardoom36,,Brasil,,negativo

 @passosjon1 lava jato e psdb  povo percebe que sao a mesma  coisa policia politica trabalhado para um paido para eliminar adversari�,Mon May 14 19:06:45 +0000 2018,False,MgracaGalvao,,"Santo Andr�, Brasil",,positivo

 @lindberghfarias os numeros da nova pesquisa cnt sensus sao arrasadores lula segue liderando mesmo privado de liberdade na sua ausenc,Mon May 14 19:18:43 +0000 2018,False,Lulamariandreia,Brasilia,Brasil,,positivo
 @gleisi mais uma pesquisa  lula continua na frente  com o dobro de votos de quem esta em segundo lugar sao 36 dias fora do convivio da,Mon May 14 19:18:47 +0000 2018,False,MARCIOJLBORGES2,,,,positivo
 @mgfufino lula e dilma deram r$ 723 bilhoes do povo a empresarios para garantir permanencia no poder governo divulga dados ,Mon May 14 19:19:19 +0000 2018,False,jurirob,Buenos Aires,So Paulo,,negativo
 @lindberghfarias os numeros da nova pesquisa cnt sensus sao arrasadores lula segue liderando mesmo privado de liberdade na sua ausenc,Mon May 14 19:19:19 +0000 2018,False,LdioPinho,,"Salvador, Bahia",,positivo
 @sandra_miria valter pomar desistir da candidatura de lula agora e dar municao ao golpe ,Mon May 14 19:19:22 +0000 2018,False,marlenemota7,,"Rio de Janeiro, Brasil",,positivo
 @lulapelobrasil o povo quer no palacio do planalto a volta do melhor presidente de todos os tempos  ,Mon May 14 19:19:24 +0000 2018,False,DeniseBonifcioL,,,,positivo
@prof_viaro a pessoa acha que e so odiar o lula que vira rico,Mon May 14 19:19:26 +0000 2018,False,AlbertoCondeV,,,,positivo
 @luizcoutopt wadih a perseguicao a lula foi estendida a mim  seu advogado ,Mon May 14 19:19:27 +0000 2018,False,FilhoTabera,,Brasil,,positivo
 @graavieira empresario inocenta lula em caso do sitio de atibaia negociou compra com irmaos bittar sem paicipacao de familiares de lu,Mon May 14 19:19:30 +0000 2018,False,PaulaSmac,Santiago,"Joo Pessoa, Brasil",,positivo
@utilidiota @julianofavaro74 @tietenhaffer @dilmabr @geleiap exagero seu eu  por exemplo  nao idolatro nenhum dess ,Mon May 14 19:19:33 +0000 2018,False,minceauras,Brasilia,,,negativo
 @lindberghfarias nao tem pra ninguem lula ganha de todo mundo no segundo turno ,Mon May 14 19:19:35 +0000 2018,False,_edvaldo21,,"Santarm, Brasil",,positivo
 @gleisi pesquisa cnt/mda tambem mostrou que lula tem mais que o dobro de todos os outros candidatos a presidencia de republica #lulali,Mon May 14 19:19:38 +0000 2018,False,Oliveira4Valmir,,,,positivo
 @brasil247 pimenta povo ja entende que lula e preso politco ,Mon May 14 19:19:38 +0000 2018,False,AneApenasAne,Brasilia,Brasil,,positivo
 @souguereira londres pede a libeacao de lula o mundo inteiro sabe que #lulapresopolitico ,Mon May 14 19:19:43 +0000 2018,False,DeniseBonifcioL,,,,positivo
